base,text
2,"## Base 2 (Binary)\nBase 2, or the binary system, is the foundation of modern computing. It uses only two digits, 0 and 1, and is the system computers use to process data. Binary is particularly useful for understanding how data is stored and manipulated in digital systems, including everything from mobile phones to supercomputers. Historically, binary has roots in ancient cultures and mathematics, but it became famous through the work of Gottfried Wilhelm Leibniz in the 17th century. With binary, all other number bases, such as |base 10| and |base 16|, can be converted easily. \n\n### Use Cases\n- Data storage\n- Digital electronics\n- Programming\n\n### Fun Fact\nBinary is essential for Boolean algebra, which is the backbone of modern logic circuits."
3,"## Base 3 (Ternary)\nBase 3, or ternary, uses three digits: 0, 1, and 2. While not as widely used as |binary 2| or |base 10|, ternary systems have practical applications in balanced ternary systems, which have advantages in certain computing applications. Balanced ternary, which uses -1, 0, and 1, simplifies some computational processes. There have been experimental ternary computers, such as the Setun, built in the Soviet Union in 1958. \n\n### Use Cases\n- Ternary computing\n- Theoretical mathematics\n\n### Fun Fact\nIn theory, ternary logic can lead to more efficient computing systems, though it hasn't replaced binary in mainstream applications."
4,"## Base 4 (Quaternary)\nBase 4, or quaternary, uses the digits 0, 1, 2, and 3. It is not commonly used in practical applications today, but it serves a role in certain areas of mathematics and theoretical computer science. Quaternary systems can be useful in simplifying calculations in some contexts, such as in low-power digital systems or minimal-state systems. Base 4 can also be a stepping stone for more complex bases like |base 16|.\n\n### Use Cases\n- Simplifying certain algorithms\n- Theoretical computer science\n\n### Fun Fact\nThe DNA code in living organisms is quaternary, with its four nucleotide bases: adenine, thymine, cytosine, and guanine."
5,"## Base 5 (Quinary)\nBase 5, or quinary, uses the digits 0 through 4. It was historically used by some ancient cultures, such as the Mayans and other Mesoamerican civilizations, as part of their numeral systems. Though not prevalent in modern technology, base 5 can be useful in specialized counting systems and educational tools for teaching place-value concepts.\n\n### Use Cases\n- Teaching math fundamentals\n- Specialized counting systems\n\n### Fun Fact\nThe quinary system is often considered a natural counting system due to the number of fingers on one hand."
6,"## Base 6 (Senary)\nBase 6, also called senary, uses the digits 0 through 5. Senary systems have been studied in mathematical number theory, and some argue it could be more efficient than |decimal| for certain tasks due to the number 6's divisibility by both 2 and 3. While not widely adopted, base 6 has been considered for applications like calendar systems and is occasionally used in niche computational fields.\n\n### Use Cases\n- Calendar systems\n- Niche computational algorithms\n\n### Fun Fact\nSome advocates propose that senary systems are superior to decimal due to the ease of fraction representation and divisibility."
7,"## Base 7 (Septenary)\nBase 7, or septenary, uses the digits 0 through 6. While rare in common usage, septenary systems appear in some cultural and religious contexts, such as in the seven-day week. Mathematically, base 7 does not have as many practical applications as |base 2| or |base 10|, but it offers insights into number theory and divisibility.\n\n### Use Cases\n- Cultural and religious contexts\n- Mathematical curiosities\n\n### Fun Fact\nThe septenary system can be tied to the seven visible celestial bodies in the ancient world: the Sun, Moon, Mars, Mercury, Jupiter, Venus, and Saturn."
8,"## Base 8 (Octal)\nBase 8, or octal, uses digits 0 through 7. Octal was commonly used in early computing as a shorthand for |binary 2| because each octal digit represents exactly three binary digits (bits). Although octal has largely been replaced by |hexadecimal| in modern computing, it remains useful in certain legacy systems and is still occasionally employed in programming.\n\n### Use Cases\n- Legacy computing systems\n- Efficient binary shorthand\n\n### Fun Fact\nThe early PDP-8 minicomputer used octal, which helped to standardize its use in early digital machines."
9,"## Base 9 (Nonary)\nBase 9, or nonary, uses the digits 0 through 8. Although it is not widely used in practical applications, base 9 holds a unique place in certain areas of mathematics and puzzles. It is often used in digital root calculations, a method of finding the sum of the digits of a number until a single digit is obtained. Nonary systems can also be seen in some fictional or theoretical computing models.\n\n### Use Cases\n- Mathematical puzzles and problems\n- Fictional computing systems\n\n### Fun Fact\nIn numerology, the number 9 is considered highly significant due to its mathematical properties in base 10 and beyond."
10,"## Base 10 (Decimal)\nBase 10, or the decimal system, is the most commonly used number system in the world. It uses digits 0 through 9 and is the system most people learn from an early age. Decimal has been around for millennia and is deeply ingrained in global cultures and trade. While not as efficient as |binary 2| for computers, decimal remains the standard for human communication of numbers. It is easy to understand and manipulate, making it useful for everyday tasks, financial calculations, and more.\n\n### Use Cases\n- Everyday counting and calculations\n- Commerce and trade\n\n### Fun Fact\nThe prevalence of decimal is likely due to the fact that humans have 10 fingers, making base 10 the most intuitive system for counting."
11,"## Base 11 (Undecimal)\nBase 11, or undecimal, uses digits 0 through 10, though the extra digit (10) is usually represented by a symbol like A. Base 11 has been explored in certain mathematical and theoretical contexts, though it is not commonly used in practical applications. Some unique properties of base 11 make it useful for specific types of modular arithmetic and digital algorithms.\n\n### Use Cases\n- Modular arithmetic\n- Theoretical number theory\n\n### Fun Fact\nBase 11 is sometimes studied for its interesting mathematical properties, including its unique prime factorization patterns."
12,"## Base 12 (Duodecimal)\nBase 12, or duodecimal, uses digits 0 through 11. It has been used historically in various cultures, such as in the Babylonian system. Many argue that base 12 is superior to |decimal| due to the number 12's divisibility by 2, 3, 4, and 6, making fractional calculations easier. In fact, some measurement systems, such as inches and feet, still use base 12.\n\n### Use Cases\n- Measurement systems (e.g., inches, feet)\n- Financial calculations\n\n### Fun Fact\nThe dozen and the gross (12^2) are examples of base 12 concepts still used in everyday life."
13,"## Base 13 (Tridecimal)\nBase 13, or tridecimal, uses digits 0 through 12. It is not commonly used but has applications in certain types of puzzle design, such as Sudoku variants. Tridecimal is also explored in abstract number theory, especially when examining systems that do not have as many simple divisors as |base 10| or |base 12|.\n\n### Use Cases\n- Puzzle design\n- Abstract mathematics\n\n### Fun Fact\nBase 13 appears in some video game mechanics and encryption algorithms due to its unique properties."
14,"## Base 14 (Tetradecimal)\nBase 14, or tetradecimal, uses digits 0 through 13. This base is not widely used in practice, but its interesting divisibility properties make it a subject of study in number theory. Base 14 is occasionally used in some niche digital systems, particularly where optimizations for specific algorithmic tasks are required.\n\n### Use Cases\n- Niche digital systems\n- Theoretical math studies\n\n### Fun Fact\nThe number 14 appears frequently in various cultures and myths, such as the 14 stations of the cross in Christianity."
15,"## Base 15 (Pentadecimal)\nBase 15, or pentadecimal, uses digits 0 through 14. Though not as common as other bases, base 15 has a unique advantage when used in specific modular arithmetic applications. It is also sometimes used in theoretical computing and algorithm design.\n\n### Use Cases\n- Modular arithmetic\n- Algorithm design\n\n### Fun Fact\nBase 15 was used in early accounting systems because of its divisibility properties and ease of converting between common weights and measures."
16,"## Base 16 (Hexadecimal)\nBase 16, or hexadecimal, uses digits 0 through 15, with 10 through 15 usually represented as A through F. Hexadecimal is highly efficient for representing large numbers and is commonly used in computing as a shorthand for |binary|, with each hex digit representing four binary digits (bits). It is heavily used in memory addressing, color codes in web design, and more. \n\n### Use Cases\n- Memory addressing in computing\n- Color codes (e.g., web design)\n- Data encoding\n\n### Fun Fact\nHexadecimal simplifies the representation of binary data, making it easier to read and write large numbers in a compact form."
17,"## Base 17 (Heptadecimal)\nBase 17, or heptadecimal, uses digits 0 through 16. Though it is rarely used in practical applications, base 17 appears in theoretical number studies and has been considered in certain cryptographic algorithms due to its large prime base. \n\n### Use Cases\n- Cryptographic algorithms\n- Number theory\n\n### Fun Fact\nBase 17's prime nature makes it appealing for certain modular arithmetic and cryptographic systems."
18,"## Base 18 (Octodecimal)\nBase 18, or octodecimal, uses digits 0 through 17. This base is rarely used, but it has potential applications in cryptography and abstract algebra. Its divisibility by 2, 3, and 6 makes it useful in certain optimization problems.\n\n### Use Cases\n- Cryptographic algorithms\n- Optimization problems\n\n### Fun Fact\nBase 18 has been proposed for niche use cases in algorithm design where its specific divisibility properties could be advantageous."
19,"## Base 19 (Enneadecimal)\nBase 19, or enneadecimal, uses digits 0 through 18. Like |base 17|, base 19 is a large prime base, which can make it useful in specialized areas of cryptography and modular arithmetic. However, it is not commonly used in day-to-day systems. \n\n### Use Cases\n- Cryptography\n- Number theory\n\n### Fun Fact\nThe prime nature of base 19 makes it suitable for certain types of encryption algorithms."
20,"## Base 20 (Vigesimal)\nBase 20, or vigesimal, uses digits 0 through 19. It was used by several ancient cultures, most notably the Mayans and the Aztecs. The French language also retains vestiges of base 20 in its numbering system (e.g., quatre-vingts, or 80, literally 'four twenties'). Base 20 is useful for examining how different cultures approached mathematics and number representation.\n\n### Use Cases\n- Historical numeral systems\n- Cultural mathematics\n\n### Fun Fact\nThe Mayans developed one of the most sophisticated vigesimal systems, using it for their calendar and astronomical calculations."
21,"## Base 21 (Unvigesimal)\nBase 21, also known as unvigesimal, uses digits from 0 to 20. Though rarely seen in practical applications, it has intriguing theoretical properties that make it a point of interest for mathematicians and cryptographers alike. Base 21’s usefulness lies in its prime factors and its application in niche algorithms and cryptographic systems, where the ability to efficiently handle large numbers is crucial. \n\n### Historical Context\nBase 21 has not been widely used in historical or modern numeral systems. However, in theoretical number theory, its prime base and unique factorization properties make it an interesting base to study in relation to modular arithmetic and divisibility rules. In ancient times, the Babylonians and Mayans experimented with different base systems, and although base 21 was not prominent, it offers insights into how different cultures might have approached number representation if they had explored primes in larger base systems.\n\n### Use Cases\n- Cryptography: Its large number set makes it suitable for complex cryptographic algorithms that require secure encryption of data.\n- Theoretical mathematics: Base 21 can be used to explore divisibility properties and modular arithmetic.\n- Algorithms: In fields requiring optimization for prime-number operations, base 21 provides a unique framework.\n\n### Fun Fact\nBase 21 is a composite number system but has a unique set of divisors (1, 3, 7, 21). Its minimal prime factors make it especially useful in cryptography, allowing for efficient prime factorization in certain encryption methods."
22,"## Base 22 (Duovigesimal)\nBase 22, or duovigesimal, uses the digits 0 through 21 and is studied mostly in the realms of cryptography, abstract algebra, and modular arithmetic. Though not as widely used in computing or everyday calculations, it has theoretical advantages in handling large numbers and in areas where modular arithmetic is used for cryptography and secure communication systems.\n\n### Theoretical Importance\nBase 22 is interesting from a mathematical perspective because it is divisible by many smaller numbers, including 1, 2, 11, and 22. This makes it more versatile than other prime-number bases like |base 21| or |base 19|. This divisibility means that base 22 could theoretically simplify complex calculations involving these factors. Additionally, certain encryption algorithms benefit from the large number set provided by base 22.\n\n### Use Cases\n- Cryptographic applications: Base 22 is ideal for systems requiring a higher number set for secure encryption.\n- Modular arithmetic and number theory: The divisibility of 22 offers a rich field of study, especially when solving problems involving multiple factors.\n- Abstract algebra: Base 22 is often used in fields that require advanced number theory applications, including algebraic structures.\n\n### Fun Fact\nThough base 22 isn’t common in historical numeral systems, its divisibility by smaller primes has given it a unique role in the world of cryptography. It allows for efficient encoding and decoding of data in specific cryptographic methods."
23,"## Base 23 (Trivigesimal)\nBase 23, or trivigesimal, uses the digits 0 through 22 and is a prime base, which makes it highly relevant in advanced mathematics, especially in cryptography and number theory. While base 23 is not often used in everyday computing, its properties are highly valuable in encryption algorithms, prime factorization, and theoretical computer science.\n\n### Prime Significance\nThe fact that base 23 is prime gives it unique advantages in number theory and cryptographic applications. Prime-number bases are often preferred in cryptography because they are difficult to factor, which is a crucial property for creating secure encryption systems. Base 23 is no exception, and it has found a niche in systems that prioritize security and efficiency in cryptographic operations.\n\n### Use Cases\n- Cryptography: Prime-number bases like base 23 are highly valued in cryptographic systems due to their difficulty in factorization. Secure communications, such as military or governmental systems, may use algorithms involving base 23 to encrypt data.\n- Number theory: The prime nature of base 23 makes it useful in exploring the properties of prime-number factorization and divisibility rules.\n- Theoretical computing: In areas of computing that require secure and efficient number operations, base 23 is studied for its applicability in algorithms that involve large prime numbers.\n\n### Fun Fact\nBase 23 is sometimes referred to as a “prime candidate” in cryptographic circles because of its inherent difficulty in being broken down into factors, making it a crucial element in high-security cryptography."
24,"## Base 24 (Tetravigesimal)\nBase 24, or tetravigesimal, uses digits from 0 to 23. While not as widely used as |base 16| or |base 10|, base 24 has a unique position in the world of computing and calendrical systems. Its divisibility by small prime numbers (2, 3, 4, 6, 8, 12, 24) makes it highly useful in systems that require frequent division or fractional calculations.\n\n### Historical and Modern Applications\nHistorically, base 24 has appeared in calendar systems and timekeeping, as the number 24 is directly tied to the hours in a day. In ancient Egyptian culture, base 24 had strong ties to their way of tracking time, dividing the day and night into equal parts. Today, base 24 is primarily studied in theoretical number systems and computational algorithms that benefit from its divisibility properties. For example, base 24 is sometimes used in clock arithmetic, which can simplify calculations involving time and scheduling.\n\n### Use Cases\n- Timekeeping: Base 24 is used to measure hours in a day, with applications in clock design and calendrical calculations.\n- Computational algorithms: Its divisibility makes base 24 highly useful in algorithms that need to divide numbers into small, manageable units.\n- Mathematical education: Base 24 is sometimes used in teaching number theory concepts, especially when dealing with factorization and divisibility.\n\n### Fun Fact\nBase 24’s widespread use in timekeeping has led to its adoption in international standards for describing hours and time zones, making it one of the few higher number bases with everyday practical use."
25,"## Base 25 (Pentavigesimal)\nBase 25, or pentavigesimal, uses digits from 0 to 24. While it might seem like an uncommon base, base 25 has intriguing uses in mathematical puzzles, encryption, and the design of some niche computational systems. Its factorization (25 = 5^2) makes it a square base, which adds a layer of interest when exploring number systems and modular arithmetic.\n\n### Mathematical Significance\nOne of the key characteristics of base 25 is its square nature, as it is based on the prime number 5. This creates unique opportunities in number theory, where base 25 is used to study the properties of squares and their applications in modular arithmetic. Because base 25 is divisible by 5, it has been explored in some theoretical frameworks for simplifying fractional calculations in niche areas of computer science.\n\n### Use Cases\n- Cryptography: In cryptographic systems that focus on square numbers, base 25 has potential uses in encoding and decoding algorithms.\n- Mathematical puzzles: Base 25 is sometimes used in mathematical games and puzzles that explore square numbers and factorization.\n- Theoretical computer science: While not common in everyday computing, base 25 is occasionally explored in abstract computer science and algorithm design.\n\n### Fun Fact\nAlthough base 25 isn’t widely used in day-to-day systems, its unique square factorization properties make it a topic of interest in theoretical mathematics and algorithm design, especially in the context of modular arithmetic."
26,"## Base 26 (Hexavigesimal)\nBase 26, or hexavigesimal, is most famously associated with the alphabet. Each digit (0-25) corresponds to a letter (A-Z), making base 26 a natural fit for systems involving alphabetical representations, such as encoding and cipher systems. Though it’s rarely used in mathematical or computational contexts outside of these areas, base 26 has strong ties to language-based systems and encryption algorithms.\n\n### Alphabetic Encoding\nBase 26 is often used in applications that require converting between numbers and letters, such as in spreadsheet columns (Excel, for example, uses base 26 for its column labels). It’s also used in some encryption techniques where letters are transformed into numbers, adding a layer of security through substitution ciphers. This makes base 26 a powerful tool in cryptography, where its use in substitution algorithms allows for relatively simple but effective encoding methods.\n\n### Use Cases\n- Cryptography: Base 26 is used in substitution ciphers, where letters are encoded as numbers (e.g., A = 0, B = 1, etc.), making it useful in certain types of encryption.\n- Data encoding: Base 26 is often employed in systems that need to represent large sets of alphabetic data in a compact numerical form.\n- Alphabetic systems: Base 26 is directly tied to the Latin alphabet, which has 26 characters. This makes it useful for systems that involve language processing or alphabetic encoding.\n\n### Fun Fact\nThe base 26 system’s link to the alphabet makes it highly recognizable and practical in fields like linguistics and cryptography, where converting between letters and numbers is an essential task."
27,"## Base 27 (Heptavigesimal)\nBase 27, or heptavigesimal, uses digits 0 through 26. Although not widely used, base 27 has found some niche applications in certain numbering systems and theoretical studies. Its divisibility by 3 and 9 makes it interesting for specific arithmetic problems, especially those related to modular arithmetic and number theory.\n\n### Number Theory and Divisibility\nBase 27 is notable for its relationship with cubes, as 27 is 3^3. This makes it an appealing base for exploring cube properties in number theory and modular arithmetic. In theoretical computer science, base 27 has been used in niche applications that require cube-based calculations or modular systems.\n\n### Use Cases\n- Theoretical mathematics: Base 27 is explored in number theory and modular arithmetic because of its cube properties.\n- Modular arithmetic: Its divisibility by 3 and 9 makes base 27 useful in systems that require these divisibility rules.\n- Niche computing applications: Base 27 is occasionally employed in specific algorithmic designs where its divisibility properties are advantageous.\n\n### Fun Fact\nBase 27 is a cube base, with 27 being 3^3. This gives it a unique place in number theory and makes it a topic of interest for mathematicians studying cube-based divisibility properties."
28,"## Base 28 (Octovigesimal)\nBase 28, or octovigesimal, uses digits from 0 to 27. It is an uncommon base but has interesting mathematical properties due to its divisibility by a wide range of factors, including 2, 4, 7, and 14. Base 28’s large number set makes it applicable in niche cryptographic algorithms, theoretical mathematics, and some experimental computing systems.\n\n### Divisibility and Applications\nOne of base 28’s key strengths is its rich divisibility, which makes it attractive for systems that require frequent division by small numbers. In cryptography, base 28 is sometimes used to explore the properties of numbers divisible by 7, which plays a role in certain modular arithmetic algorithms.\n\n### Use Cases\n- Cryptography: Base 28 is occasionally employed in encryption systems that benefit from its divisibility by 7 and other small primes.\n- Number theory: Base 28’s unique set of divisors makes it a point of interest in studies of divisibility and factorization.\n- Experimental computing: Base 28 has been explored in niche computing systems that require its divisibility properties for optimization.\n\n### Fun Fact\nBase 28’s rich set of divisors makes it a versatile base for theoretical studies in number theory and modular arithmetic, particularly when solving problems related to small prime factors."
29,"## Base 29 (Ennevigesimal)\nBase 29, or enneavigesimal, uses digits 0 through 28 and is a prime-number base. Like other prime-number bases, base 29 is highly useful in cryptographic applications and modular arithmetic because of its difficulty to factor. Its prime nature makes it one of the go-to bases for systems that prioritize security and efficiency in number handling.\n\n### Prime-Based Applications\nPrime-number bases like base 29 are ideal for secure cryptographic systems, as they are difficult to factor and provide a high level of security in data encryption algorithms. Base 29 is also explored in number theory, where it’s used to study prime factorization, divisibility rules, and modular arithmetic.\n\n### Use Cases\n- Cryptography: Base 29 is a prime base that is highly useful for secure encryption algorithms.\n- Modular arithmetic: The prime properties of base 29 make it useful for advanced number theory applications.\n- Theoretical mathematics: Base 29 is often studied in the context of prime-number factorization and divisibility.\n\n### Fun Fact\nAs a prime-number base, base 29 is a favorite in cryptographic systems that require secure, difficult-to-factor algorithms, making it a key player in the world of data encryption."
30,"## Base 30 (Trigintal)\nBase 30, or trigintal, uses digits from 0 to 29. It is a composite base with rich divisibility properties, making it highly versatile for computational systems that require frequent division by small prime numbers (2, 3, 5). Base 30’s structure makes it useful for certain cryptographic systems, calendrical calculations, and theoretical mathematics.\n\n### Historical and Modern Applications\nBase 30 has been considered for various theoretical applications in number theory, cryptography, and calendrical systems. The divisibility by 2, 3, and 5 makes it ideal for systems that need to handle fractions or multiples of small primes. Its use has been explored in algorithms that require optimal division operations, as well as in modular arithmetic applications.\n\n### Use Cases\n- Cryptography: Base 30 is used in specific cryptographic algorithms that need to handle multiples of 2, 3, or 5 efficiently.\n- Calendrical systems: Base 30’s divisibility has been explored in calendar design and timekeeping systems.\n- Modular arithmetic: Its divisibility makes base 30 highly valuable in systems that require frequent division by small primes.\n\n### Fun Fact\nBase 30’s versatility due to its rich divisibility makes it a strong candidate for theoretical exploration in fields that require efficient number handling, especially when working with small prime factors."
31,"## Base 31 (Untrigintal)\nBase 31, or untrigintal, uses digits 0 through 30. It is a prime base, and like other prime bases such as |base 29| and |base 23|, it is of interest in cryptography and number theory. Prime bases are often studied due to their difficulty in factorization, which makes them valuable for secure encryption systems.\n\n### Prime Factorization and Cryptography\nBase 31 is a relatively high prime base, making it highly secure for cryptographic purposes. Encryption systems often use prime-number bases to ensure that encoded data is difficult to break. In addition to its cryptographic value, base 31 is also used in modular arithmetic, where its prime nature makes it valuable for solving complex mathematical problems.\n\n### Use Cases\n- Cryptographic algorithms: The prime nature of base 31 makes it useful for creating secure encryption algorithms.\n- Number theory: Base 31 is often studied in relation to prime factorization and divisibility.\n- Modular arithmetic: Its properties are useful for solving advanced modular problems in theoretical computing.\n\n### Fun Fact\nBase 31 is a prime number base, and as such, it is frequently used in secure cryptographic systems to enhance data protection."
32,"## Base 32 (Duotrigintal)\nBase 32, or duotrigintal, uses digits from 0 to 31. One of the most practical uses of base 32 is in computing and digital encoding systems, such as Base32 encoding. This encoding method is a compact way to represent binary data in text format, often used in email encoding, URL encoding, and QR codes. It is particularly effective in reducing the length of encoded messages compared to |base 64|, while remaining compatible with systems that prefer smaller character sets.\n\n### Historical and Modern Use\nBase 32 encoding was created to address the need for a more compact binary-to-text encoding scheme. Unlike |base 64|, base 32 uses a smaller character set, which is often better suited for systems with limited character options. This makes it highly useful in computing, where data transmission efficiency is essential.\n\n### Use Cases\n- Data encoding: Base32 encoding is often used to encode binary data into text in systems like email, QR codes, and URLs.\n- Computer systems: Base 32 is useful for representing large numbers or data in a compact, readable format.\n- Cryptography: It is also used in some cryptographic algorithms that involve compact data encoding.\n\n### Fun Fact\nBase 32 encoding is used in Google's TOTP (Time-Based One-Time Password) algorithm, which helps generate two-factor authentication codes used for securing online accounts."
33,"## Base 33 (Tritrigintal)\nBase 33, or tritrigintal, uses digits 0 through 32. Like other prime bases, base 33 has potential applications in cryptography and number theory. While it is not widely used in practical systems, its prime nature makes it a subject of interest in the study of modular arithmetic and theoretical mathematics.\n\n### Number Theory and Cryptography\nBeing a composite base that is divisible by 3 and 11, base 33 is especially interesting in number theory. It has potential uses in cryptographic systems that require secure encoding, especially those that rely on prime-number properties for security. Additionally, base 33 is sometimes explored in the context of algorithmic design, where its divisibility properties provide unique opportunities for optimization.\n\n### Use Cases\n- Cryptography: Base 33 is used in cryptographic algorithms that prioritize secure, prime-based encoding.\n- Number theory: Its prime factorization properties make base 33 an interesting subject of study for mathematicians.\n- Modular arithmetic: Its divisibility by 3 and 11 makes it suitable for solving complex modular problems.\n\n### Fun Fact\nAlthough not widely known, base 33 has found some niche applications in mathematical research, especially in areas focused on prime factorization and secure encryption."
34,"## Base 34 (Tetratrigintal)\nBase 34, or tetratrigintal, uses digits from 0 to 33. Although not commonly used in practical computing, base 34 has some niche applications in cryptography and theoretical mathematics. Its divisibility by small numbers like 2 and 17 makes it suitable for certain modular arithmetic applications, and its prime factorization properties make it useful for cryptographic systems that require secure encoding.\n\n### Mathematical Importance\nBase 34 is interesting because of its factorization properties, being divisible by 2 and 17. These factors allow base 34 to be used in certain cryptographic systems that require a combination of small prime numbers. Additionally, base 34 is sometimes used in theoretical mathematics to explore modular arithmetic and divisibility problems.\n\n### Use Cases\n- Cryptography: Base 34 is used in encryption systems that require secure encoding with divisibility by 2 and 17.\n- Modular arithmetic: Base 34’s divisibility makes it useful in solving complex modular problems.\n- Theoretical mathematics: It is sometimes studied in the context of prime factorization and number theory.\n\n### Fun Fact\nBase 34 has been explored in the context of encryption systems that prioritize prime factorization, where its divisibility properties provide unique opportunities for secure data encoding."
35,"## Base 35 (Pentatrigintal)\nBase 35, or pentatrigintal, uses digits 0 through 34. It is not a prime number base, but its divisibility by 5 and 7 makes it useful in modular arithmetic and theoretical studies in cryptography. Base 35 is particularly interesting in systems that require frequent division by these small primes, and it has been used in niche cryptographic systems that require secure encoding with these specific divisibility properties.\n\n### Divisibility and Cryptography\nBase 35’s divisibility by both 5 and 7 makes it an interesting subject of study for modular arithmetic and cryptographic systems. These divisibility properties allow base 35 to be used in certain cryptographic algorithms that prioritize secure encoding and efficient number operations. Additionally, base 35 is sometimes explored in the context of algorithmic design, where its divisibility properties provide unique opportunities for optimization.\n\n### Use Cases\n- Cryptography: Base 35 is used in encryption systems that require secure encoding with divisibility by 5 and 7.\n- Modular arithmetic: Its divisibility makes base 35 suitable for solving complex modular problems.\n- Theoretical mathematics: It is sometimes studied in the context of number theory and divisibility.\n\n### Fun Fact\nAlthough not widely known, base 35 has found some niche applications in cryptography and modular arithmetic, where its divisibility properties are highly valued for secure encoding."
36,"## Base 36 (Hexatrigintal)\nBase 36 is notable for its use of both numbers (0-9) and letters (A-Z) as its digits, making it highly useful in alphanumeric systems. Base 36 encoding is often used in URL shortening, database systems, and product codes, where both numbers and letters are used to create compact identifiers.\n\n### Alphanumeric Encoding and Practical Use\nBase 36 is especially useful when encoding large numbers into smaller, human-readable formats. It is widely used in web development, particularly for shortening URLs, creating unique database keys, and generating product codes that are easier to remember than purely numerical codes. This system of encoding data in a compact alphanumeric format is highly efficient, making base 36 valuable for systems that need to maximize space while maintaining readability.\n\n### Use Cases\n- URL shortening: Base 36 is commonly used to create short, unique URLs in web development.\n- Product codes: It is used in product labeling and identification systems to create compact alphanumeric codes.\n- Database keys: Base 36 is used to generate compact, human-readable database keys.\n- Cryptography: Base 36 encoding is sometimes used in cryptographic systems that require alphanumeric data representation.\n\n### Fun Fact\nBase 36’s combination of letters and numbers makes it highly versatile and widely used in areas like web development, where compact, human-readable encoding is essential."
37,"## Base 37 (Heptatrigintal)\nBase 37, or heptatrigintal, uses digits 0 through 36. It is a prime-number base, making it highly useful for cryptographic applications where secure, prime-based encoding is required. Like other prime-number bases, base 37 is often studied in the context of number theory and modular arithmetic, where its prime properties make it valuable for solving complex problems.\n\n### Prime Factorization and Cryptography\nAs a prime number base, base 37 is difficult to factor, which makes it an ideal candidate for cryptographic systems that require secure data encoding. In addition to its cryptographic value, base 37 is also used in modular arithmetic, where its prime properties are useful for solving advanced mathematical problems. It has also been explored in algorithmic design, where its prime nature provides opportunities for optimization in certain types of computations.\n\n### Use Cases\n- Cryptography: Base 37 is used in encryption systems that require secure encoding with a prime base.\n- Number theory: Base 37 is studied in the context of prime factorization and divisibility.\n- Modular arithmetic: Its prime properties make base 37 valuable for solving complex modular problems.\n- Algorithmic design: Base 37’s prime nature provides opportunities for optimization in certain computations.\n\n### Fun Fact\nBase 37’s prime nature makes it highly secure for cryptographic systems, and it is often used in encryption algorithms that prioritize secure, prime-based encoding."
38,"## Base 38 (Octotrigintal)\nBase 38, or octotrigintal, uses digits 0 through 37. Although it is not a prime number base, its divisibility by small factors such as 2 and 19 makes it useful for modular arithmetic and certain cryptographic algorithms. Base 38 is particularly interesting in number theory because of its divisibility, allowing for efficient operations in systems that rely on small prime factors.\n\n### Divisibility and Applications\nOne of base 38’s key strengths is its divisibility by both 2 and 19, which makes it useful in cryptographic systems and theoretical mathematics. Modular arithmetic systems benefit from base 38’s divisibility when solving complex problems involving prime factors.\n\n### Use Cases\n- Cryptography: Base 38 is employed in cryptographic algorithms that require secure encoding based on divisibility.\n- Number theory: Its divisibility by 2 and 19 makes base 38 interesting in theoretical studies.\n- Modular arithmetic: Its properties make it valuable for systems that need efficient division by small primes.\n\n### Fun Fact\nBase 38’s divisibility by both a small prime (2) and a larger prime (19) makes it a versatile base in theoretical mathematics and cryptography."
39,"## Base 39 (Enneatrigintal)\nBase 39, or enneatrigintal, uses digits 0 through 38. It is a composite number base divisible by 3 and 13, making it useful for modular arithmetic systems that require division by small primes. While base 39 is not commonly used in modern computing, it has potential applications in theoretical number studies and cryptographic systems where these divisibility properties are advantageous.\n\n### Modular Arithmetic and Theoretical Mathematics\nBase 39’s divisibility by 3 and 13 makes it ideal for use in modular arithmetic. It is sometimes explored in cryptographic algorithms that require secure encoding with specific divisibility properties. Additionally, base 39 has been used in algorithmic design, where its divisibility allows for efficient optimization in certain computations.\n\n### Use Cases\n- Cryptography: Base 39 is used in niche encryption algorithms that require divisibility by 3 and 13.\n- Modular arithmetic: Its divisibility properties make it useful in solving complex modular problems.\n- Theoretical mathematics: Base 39 is explored in number theory for its prime factorization and divisibility.\n\n### Fun Fact\nBase 39’s unique set of divisors makes it an interesting base for mathematical research, particularly in modular arithmetic where small primes like 3 and 13 play an important role."
40,"## Base 40 (Quadragintal)\nBase 40, or quadragintal, uses digits from 0 to 39. Its large number of divisors, including 2, 4, 5, 8, and 10, makes it highly versatile for theoretical mathematics and modular arithmetic applications. Base 40 is particularly useful for systems that require frequent division by small numbers, making it appealing for calendar calculations, timekeeping, and theoretical number studies.\n\n### Historical and Modern Use\nBase 40’s rich set of divisors has made it a subject of interest in historical mathematical studies, particularly in calendrical systems and timekeeping, where divisibility by numbers like 2, 5, and 10 is valuable. Modern cryptography has also explored base 40 in niche applications where these divisibility properties provide efficiency and security.\n\n### Use Cases\n- Cryptography: Base 40 is used in encryption algorithms that need divisibility by small primes.\n- Calendrical systems: Its rich divisibility makes it ideal for timekeeping and calendar calculations.\n- Modular arithmetic: Base 40’s divisibility properties make it useful for solving complex modular problems.\n\n### Fun Fact\nIn ancient cultures, base 40 was sometimes explored for calendrical and timekeeping purposes, and its rich divisibility continues to make it valuable in both theoretical mathematics and cryptography."
41,"## Base 41 (Unquadragintal)\nBase 41, or unquadragintal, uses digits from 0 to 40. Being a prime-number base, it is highly valued in cryptography and number theory for its resistance to factorization. Base 41 is explored in cryptographic algorithms that require prime bases for secure data encoding and in modular arithmetic systems that benefit from its prime nature.\n\n### Prime Factorization and Cryptography\nAs a prime-number base, base 41 is difficult to factor, making it ideal for secure encryption systems. In number theory, it is studied for its prime properties, which make it valuable for solving modular arithmetic problems. Base 41 has also been explored in algorithmic design for secure data encoding.\n\n### Use Cases\n- Cryptography: Base 41 is used in encryption algorithms that require secure prime-based encoding.\n- Modular arithmetic: Its prime nature makes base 41 useful for solving advanced modular problems.\n- Theoretical mathematics: Base 41 is studied for its prime properties and factorization challenges.\n\n### Fun Fact\nBase 41’s prime properties make it a key player in cryptographic systems that require secure, difficult-to-factor encoding, and it has become a subject of interest in modern cryptography research."
42,"## Base 42 (Duquadragintal)\nBase 42, or duquadragintal, uses digits from 0 to 41. It is a composite base divisible by 2, 3, 6, and 7, making it versatile for use in modular arithmetic and theoretical mathematics. Base 42’s divisibility properties also make it useful in cryptographic systems that require secure encoding with these specific divisibility rules.\n\n### Divisibility and Modular Arithmetic\nBase 42’s divisibility by 2, 3, 6, and 7 makes it highly useful for modular arithmetic systems that require efficient division by these small numbers. It is often studied in number theory for its rich divisibility and its applications in cryptographic systems that need secure data encoding.\n\n### Use Cases\n- Cryptography: Base 42 is used in encryption algorithms that benefit from its divisibility properties.\n- Modular arithmetic: Its divisibility by 2, 3, 6, and 7 makes it useful in solving complex modular problems.\n- Theoretical mathematics: Base 42 is explored in number theory for its divisibility and prime factorization.\n\n### Fun Fact\nBase 42 has been used in cryptographic research for its rich divisibility properties, making it an interesting subject of study for both modern cryptography and theoretical number theory."
43,"## Base 43 (Trequadragintal)\nBase 43, or trequadragintal, uses digits from 0 to 42. As a prime number base, base 43 is highly valued in cryptography for its difficulty to factor, providing enhanced security for encrypted data. It is also studied in number theory and modular arithmetic for its prime properties, making it a valuable base for theoretical mathematics.\n\n### Cryptographic Importance\nBeing a prime-number base, base 43 offers a high level of security in cryptographic systems where data encoding needs to be difficult to break. Additionally, its prime properties make it valuable for solving complex modular arithmetic problems, especially in cryptographic systems that rely on secure, prime-based encoding.\n\n### Use Cases\n- Cryptography: Base 43 is used in secure encryption algorithms that require prime-based encoding.\n- Modular arithmetic: Its prime properties make base 43 useful for solving advanced modular problems.\n- Theoretical mathematics: Base 43 is studied for its prime properties and factorization difficulties.\n\n### Fun Fact\nBase 43’s prime nature makes it a key player in cryptographic systems where security is a priority, and it is often explored in the context of secure encryption and modular arithmetic."
44,"## Base 44 (Quattuorquadragintal)\nBase 44, or quattuorquadragintal, uses digits from 0 to 43. Its divisibility by small numbers such as 2, 4, and 11 makes it useful in modular arithmetic and cryptographic systems. While base 44 is not widely used in practical systems, its divisibility properties make it valuable for certain mathematical studies.\n\n### Divisibility and Modular Arithmetic\nBase 44’s divisibility by 2, 4, and 11 allows for efficient operations in modular arithmetic, where division by small primes is often necessary. It has also been explored in cryptographic algorithms that rely on secure encoding with these specific divisibility properties.\n\n### Use Cases\n- Cryptography: Base 44 is used in encryption algorithms that require secure encoding with specific divisibility rules.\n- Modular arithmetic: Its divisibility makes base 44 suitable for solving complex modular problems.\n- Theoretical mathematics: Base 44 is studied in number theory for its divisibility by 2, 4, and 11.\n\n### Fun Fact\nAlthough not widely known, base 44’s divisibility properties have made it a subject of interest in niche mathematical studies and cryptographic algorithms."
45,"## Base 45 (Quinququadragintal)\nBase 45, or quinququadragintal, uses digits from 0 to 44. This base is divisible by 3, 5, 9, and 15, making it valuable in modular arithmetic and number theory. Its ability to be broken down into multiple factors allows for efficiency in systems where these divisibility properties are required, such as cryptographic algorithms that benefit from specific factorization rules.\n\n### Divisibility and Practical Applications\nBase 45’s rich divisibility by factors such as 3 and 5 makes it useful for theoretical mathematics and modular arithmetic problems. It has been studied for its application in encryption systems, where secure encoding can be optimized by its divisibility properties.\n\n### Use Cases\n- Cryptography: Base 45 is used in encryption algorithms requiring secure encoding with divisibility by small factors.\n- Modular arithmetic: Its divisibility by 3, 5, and 9 makes base 45 useful for solving modular problems efficiently.\n- Number theory: Base 45 is explored for its factorization properties and divisibility rules in mathematical studies.\n\n### Fun Fact\nBase 45’s divisibility by 15 makes it a particularly useful base in modular arithmetic, where systems often need efficient division by such composite numbers."
46,"## Base 46 (Sexquadragintal)\nBase 46, or sexquadragintal, uses digits from 0 to 45. It is divisible by 2, 23, and 46, making it suitable for modular arithmetic and certain cryptographic applications where division by these primes is necessary. While base 46 is not commonly used in modern computing, its properties make it a subject of study in theoretical number theory.\n\n### Modular Arithmetic and Number Theory\nBase 46’s prime factorization makes it valuable in modular arithmetic, where efficient division is essential for solving complex problems. Its divisibility by 2 and 23 also provides opportunities for niche cryptographic algorithms that rely on secure encoding.\n\n### Use Cases\n- Cryptography: Base 46 is explored in encryption algorithms that require prime divisibility properties.\n- Modular arithmetic: Its prime factorization makes base 46 useful for solving modular arithmetic problems.\n- Theoretical mathematics: Base 46 is studied for its divisibility and prime factorization in number theory.\n\n### Fun Fact\nDespite its limited practical applications, base 46 has been a subject of interest in number theory due to its prime factorization properties, particularly its divisibility by 23, a relatively large prime."
47,"## Base 47 (Septquadragintal)\nBase 47, or septquadragintal, uses digits from 0 to 46. As a prime number base, base 47 is highly valued for its difficulty to factor, making it useful in cryptography and modular arithmetic systems where secure encoding is essential. Its prime properties also make it valuable in number theory and algorithmic design.\n\n### Prime Factorization and Cryptographic Applications\nBeing a prime-number base, base 47 provides enhanced security in cryptographic systems that require encoding difficult to factor. Additionally, its prime properties make it valuable for solving modular arithmetic problems and designing algorithms that optimize secure data encoding.\n\n### Use Cases\n- Cryptography: Base 47 is used in encryption systems that require prime-based encoding.\n- Modular arithmetic: Its prime nature makes base 47 valuable for solving complex modular problems.\n- Theoretical mathematics: Base 47 is studied for its prime factorization and divisibility challenges.\n\n### Fun Fact\nBase 47’s prime nature makes it a secure choice for cryptographic systems, and its properties have been explored in modern encryption algorithms to enhance data security."
48,"## Base 48 (Octquadragintal)\nBase 48, or octquadragintal, uses digits from 0 to 47. It is divisible by many small numbers, including 2, 3, 4, 6, 8, 12, and 16, making it one of the most versatile bases for modular arithmetic and theoretical mathematics. This base is also useful in timekeeping, calendar systems, and cryptography.\n\n### Divisibility and Practical Applications\nBase 48’s divisibility by several small primes makes it highly efficient for use in systems requiring frequent division, such as timekeeping and calendar calculations. It is also used in cryptographic systems where encoding with these specific divisibility properties is important for secure data transmission.\n\n### Use Cases\n- Timekeeping and calendar systems: Base 48 is useful for dividing time into manageable units.\n- Cryptography: Base 48 is used in encryption algorithms that need secure encoding with rich divisibility.\n- Modular arithmetic: Its divisibility by small primes makes base 48 ideal for solving complex modular problems.\n\n### Fun Fact\nBase 48 is historically significant for its use in ancient calendrical systems, where its divisibility by factors like 12 and 16 allowed for accurate timekeeping and date calculations."
49,"## Base 49 (Enneaquadragintal)\nBase 49, or enneaquadragintal, uses digits from 0 to 48. As the square of a prime (7²), base 49 has interesting properties in number theory and cryptography. It is particularly useful in modular arithmetic systems and encryption algorithms that rely on prime squares for secure encoding.\n\n### Prime Square and Cryptographic Importance\nBase 49’s status as a prime square (7²) gives it unique properties in cryptographic systems where security depends on factoring prime squares. This base is also useful in modular arithmetic for solving problems that involve powers of primes.\n\n### Use Cases\n- Cryptography: Base 49 is explored in encryption algorithms that rely on the secure encoding of prime squares.\n- Modular arithmetic: Its prime square properties make base 49 valuable for solving advanced modular problems.\n- Number theory: Base 49 is studied for its unique position as a square of a prime in mathematical research.\n\n### Fun Fact\nBase 49’s status as 7² makes it highly interesting in number theory, particularly for researchers studying the properties of squares of primes in cryptography and modular arithmetic."
50,"## Base 50 (Quinquagintal)\nBase 50, or quinquagintal, uses digits from 0 to 49. This base is divisible by 2, 5, 10, and 25, making it particularly useful in financial systems, timekeeping, and modular arithmetic. Its simplicity and divisibility make it a common choice for systems that require efficient division by these small numbers.\n\n### Financial and Practical Applications\nBase 50 is well-suited for financial and calendar systems, where division by 5 and 10 is common. It has also been explored in cryptography for secure encoding systems that benefit from these divisibility properties.\n\n### Use Cases\n- Finance: Base 50 is used in financial systems where division by 5 and 10 is frequently required.\n- Timekeeping: It is useful in calendrical systems that divide time into units divisible by 5.\n- Cryptography: Base 50 is explored in encryption algorithms that rely on secure encoding with these divisibility properties.\n\n### Fun Fact\nBase 50’s divisibility by 25 makes it particularly appealing for financial systems where transactions are often made in increments divisible by this number."
51,"## Base 51 (Unquinquagintal)\nBase 51, or unquinquagintal, uses digits from 0 to 50. As a composite number base divisible by 3 and 17, base 51 is studied in modular arithmetic and cryptography. Its prime factorization makes it valuable for secure encoding and solving complex mathematical problems involving primes.\n\n### Modular Arithmetic and Cryptographic Applications\nBase 51’s divisibility by 3 and 17 makes it useful in modular arithmetic, particularly for cryptographic algorithms that rely on these specific divisibility properties. It is also explored in number theory for its prime factorization.\n\n### Use Cases\n- Cryptography: Base 51 is used in encryption systems that require secure encoding with divisibility by 3 and 17.\n- Modular arithmetic: Its prime factorization makes base 51 valuable for solving modular problems.\n- Theoretical mathematics: Base 51 is studied for its prime factorization in number theory research.\n\n### Fun Fact\nBase 51’s divisibility by 17 makes it a subject of interest in cryptography, where prime numbers play a key role in secure encoding systems."
52,"## Base 52 (Duquinquagintal)\nBase 52, or duquinquagintal, uses digits from 0 to 51. It is divisible by 2, 4, 13, and 26, making it useful for modular arithmetic, cryptography, and theoretical mathematics. This base is often explored for its rich divisibility properties, particularly in systems that require secure encoding and division by these small numbers.\n\n### Divisibility and Cryptographic Importance\nBase 52’s divisibility by 2, 4, and 13 makes it ideal for modular arithmetic and encryption systems that rely on these factors for efficient data encoding. It is also studied in number theory for its prime factorization and divisibility properties.\n\n### Use Cases\n- Cryptography: Base 52 is used in encryption algorithms requiring secure encoding with divisibility by small primes.\n- Modular arithmetic: Its divisibility properties make base 52 ideal for solving complex modular problems.\n- Theoretical mathematics: Base 52 is studied for its factorization and divisibility in number theory.\n\n### Fun Fact\nBase 52’s divisibility by 13 makes it an interesting subject in number theory, where its prime factorization is explored in cryptographic research."
53,"## Base 53 (Trequinquagintal)\nBase 53, or trequinquagintal, uses digits from 0 to 52. As a prime-number base, base 53 is highly valued in cryptographic systems for its difficulty to factor. It also has applications in number theory and modular arithmetic, where prime bases offer unique benefits for secure encoding and solving advanced problems.\n\n### Cryptographic and Mathematical Significance\nBeing a prime-number base, base 53 provides enhanced security in cryptographic systems by ensuring that encoded data is difficult to break through factorization. It also plays an important role in modular arithmetic and number theory, where its prime properties are useful for secure computations and algorithmic design.\n\n### Use Cases\n- Cryptography: Base 53 is used in encryption algorithms that require a prime-based system for secure encoding.\n- Modular arithmetic: Its prime nature makes base 53 valuable for solving advanced modular problems.\n- Theoretical mathematics: Base 53 is studied for its prime properties and factorization challenges.\n\n### Fun Fact\nBase 53’s prime nature makes it particularly appealing for cryptographic systems, where the difficulty of factorizing prime numbers is a key component of security."
54,"## Base 54 (Quattuorquinquagintal)\nBase 54, or quattuorquinquagintal, uses digits from 0 to 53. It is divisible by 2, 3, 6, 9, 18, and 27, making it a highly versatile base for modular arithmetic, cryptography, and financial systems. Base 54’s divisibility makes it ideal for systems requiring efficient division by small numbers.\n\n### Versatility in Mathematical Applications\nBase 54’s divisibility by small numbers makes it an efficient base for solving modular arithmetic problems. It has also been explored in cryptographic systems that rely on specific divisibility rules for secure encoding. Additionally, base 54 is useful in financial calculations and theoretical number studies.\n\n### Use Cases\n- Cryptography: Base 54 is used in encryption algorithms that rely on divisibility by small numbers for secure encoding.\n- Modular arithmetic: Its divisibility by factors like 3, 6, and 9 makes it ideal for solving complex modular problems.\n- Finance: Base 54’s divisibility properties are useful in financial calculations and systems.\n\n### Fun Fact\nBase 54’s divisibility by powers of 3 makes it an interesting base for cryptographic research, where efficient factorization plays a key role in secure encoding systems."
55,"## Base 55 (Quinququinquagintal)\nBase 55, or quinququinquagintal, uses digits from 0 to 54. It is divisible by 5 and 11, making it useful in cryptographic systems and modular arithmetic. While base 55 is not as widely used as other number bases, its divisibility properties make it valuable for systems that require division by specific primes.\n\n### Modular Arithmetic and Cryptographic Applications\nBase 55’s divisibility by 5 and 11 makes it a valuable base for modular arithmetic systems and cryptographic algorithms that benefit from secure encoding with these properties. It is also studied in number theory for its unique factorization rules.\n\n### Use Cases\n- Cryptography: Base 55 is used in encryption algorithms that require divisibility by 5 and 11.\n- Modular arithmetic: Its factorization makes base 55 useful for solving modular problems efficiently.\n- Theoretical mathematics: Base 55 is explored in number theory for its divisibility and prime factorization.\n\n### Fun Fact\nBase 55’s divisibility by 11 makes it an interesting base for cryptographic algorithms, where prime factors like 11 are used to enhance the security of data encoding systems."
56,"## Base 56 (Sexquinquagintal)\nBase 56, or sexquinquagintal, uses digits from 0 to 55. It is divisible by 2, 4, 7, 8, and 28, making it particularly useful for modular arithmetic and cryptographic applications where these divisibility properties are required. Base 56’s versatility also makes it valuable for theoretical mathematics and number theory.\n\n### Divisibility and Modular Arithmetic\nBase 56’s rich set of divisibility properties makes it a highly efficient base for modular arithmetic. Its divisibility by 7 and 28 is particularly useful for solving complex mathematical problems, and it is also explored in cryptographic systems that require secure encoding with these properties.\n\n### Use Cases\n- Cryptography: Base 56 is used in encryption algorithms that benefit from its divisibility by 7 and 28.\n- Modular arithmetic: Its divisibility properties make base 56 ideal for solving advanced modular problems.\n- Theoretical mathematics: Base 56 is studied for its prime factorization and divisibility in number theory.\n\n### Fun Fact\nBase 56’s divisibility by 28 makes it particularly interesting in cryptography, where it is used in niche encryption systems to ensure secure data transmission."
57,"## Base 57 (Septquinquagintal)\nBase 57, or septquinquagintal, uses digits from 0 to 56. As a composite base divisible by 3 and 19, base 57 is useful in modular arithmetic and cryptography, where these divisibility properties provide efficiency and security. It is also explored in number theory for its factorization properties and applications in algorithm design.\n\n### Cryptographic and Mathematical Applications\nBase 57’s divisibility by 3 and 19 makes it valuable for cryptographic systems that require secure encoding with these properties. It is also used in modular arithmetic for solving complex problems that involve these divisibility rules.\n\n### Use Cases\n- Cryptography: Base 57 is used in encryption systems that require divisibility by 3 and 19 for secure encoding.\n- Modular arithmetic: Its divisibility properties make base 57 useful for solving modular problems efficiently.\n- Theoretical mathematics: Base 57 is studied in number theory for its prime factorization and divisibility rules.\n\n### Fun Fact\nBase 57’s divisibility by 19 makes it an intriguing subject of study in number theory, where primes like 19 play a key role in both theoretical research and cryptographic applications."
58,"## Base 58 (Octquinquagintal)\nBase 58, or octquinquagintal, uses digits from 0 to 57. It is divisible by 2, 29, and 58, making it useful in cryptographic systems and modular arithmetic that rely on secure encoding and efficient division by these primes. Although base 58 is not widely used in modern systems, it is studied in theoretical mathematics for its prime factorization and divisibility properties.\n\n### Prime Factorization and Cryptography\nBase 58’s divisibility by 2 and 29 makes it valuable for cryptographic systems that require secure encoding with these factors. It is also explored in modular arithmetic for solving advanced problems involving division by primes like 29.\n\n### Use Cases\n- Cryptography: Base 58 is used in encryption algorithms that require secure encoding with divisibility by 29.\n- Modular arithmetic: Its prime factorization makes base 58 useful for solving modular problems.\n- Theoretical mathematics: Base 58 is studied for its divisibility properties and prime factorization in number theory.\n\n### Fun Fact\nBase 58’s divisibility by 29 makes it particularly appealing for cryptographic systems, where large primes like 29 are used to enhance the security of data encoding."
59,"## Base 59 (Enneaquinquagintal)\nBase 59, or enneaquinquagintal, uses digits from 0 to 58. As a prime-number base, base 59 is highly valued for its difficulty to factor, making it a key player in cryptography and number theory. Its prime properties are useful for solving modular arithmetic problems and designing secure cryptographic algorithms.\n\n### Prime Nature and Cryptographic Applications\nBase 59’s prime nature makes it valuable for cryptographic systems that require secure, difficult-to-factor encoding. It is also used in modular arithmetic for solving complex problems that rely on prime numbers. In number theory, base 59’s properties make it an important subject of study for algorithm design and encryption research.\n\n### Use Cases\n- Cryptography: Base 59 is used in encryption algorithms that require a prime-based system for secure encoding.\n- Modular arithmetic: Its prime nature makes base 59 valuable for solving modular problems efficiently.\n- Theoretical mathematics: Base 59 is studied for its prime factorization in number theory.\n\n### Fun Fact\nBase 59’s prime nature makes it a secure base for cryptographic systems, and its properties have been explored in encryption algorithms to enhance the security of data transmission."
60,"## Base 60 (Sexagintal)\nBase 60, or sexagintal, uses digits from 0 to 59. It is one of the most historically significant number systems, used by ancient civilizations such as the Babylonians. Base 60’s divisibility by a wide range of numbers, including 2, 3, 4, 5, 6, 10, 12, 15, 20, and 30, makes it highly versatile for calculations. Today, base 60 is still used in timekeeping, angles, and geographic coordinates.\n\n### Historical Significance and Modern Applications\nBase 60 was central to the ancient Babylonian number system, which used it for astronomy, mathematics, and administrative tasks. Its versatility has allowed it to persist in modern-day timekeeping (60 seconds in a minute, 60 minutes in an hour) and the measurement of angles (360 degrees in a circle).\n\n### Use Cases\n- Timekeeping: Base 60 is used in the measurement of seconds, minutes, and hours.\n- Angles and geography: It is used to measure angles and coordinates (degrees, minutes, and seconds).\n- Historical mathematics: Base 60 was widely used by ancient civilizations for various calculations.\n\n### Fun Fact\nBase 60’s ability to divide evenly by so many numbers made it ideal for ancient civilizations, and its legacy continues in the way we measure time and angles today."
61,"## Base 61 (Unsexagintal)\nBase 61, or unsexagintal, uses digits from 0 to 60. As a prime-number base, base 61 is highly valued in cryptographic systems and number theory. Its prime nature makes it useful for secure encoding in cryptography and for solving complex modular arithmetic problems.\n\n### Prime Factorization and Cryptography\nBase 61’s prime properties make it valuable for cryptographic systems that rely on secure, difficult-to-factor encoding. It is also explored in modular arithmetic, where its prime nature helps solve advanced problems that require secure computations.\n\n### Use Cases\n- Cryptography: Base 61 is used in encryption algorithms that require a prime-based system for secure encoding.\n- Modular arithmetic: Its prime nature makes base 61 valuable for solving modular problems efficiently.\n- Theoretical mathematics: Base 61 is studied in number theory for its prime properties and divisibility rules.\n\n### Fun Fact\nBase 61’s prime nature makes it particularly secure for cryptographic applications, and its properties have been explored in encryption algorithms for secure data transmission."
62,"## Base 62 (Duosexagintal)\nBase 62, or duosexagintal, uses digits from 0 to 61, commonly including the characters 0–9, A–Z, and a–z. This base is widely used in modern computing for encoding data efficiently in a compact form. Base 62 is commonly found in URL shorteners, file names, and hash functions, where a large range of characters is needed in a limited space.\n\n### Applications in Computing and Data Encoding\nBase 62 is an ideal encoding system for short URLs, file names, and hash functions, as it provides a compact representation of data. Its combination of numbers and letters makes it an efficient base for compressing large numbers into short, readable formats.\n\n### Use Cases\n- URL shortening: Base 62 is widely used to create compact URLs.\n- File names: It is used in systems that require unique and compact file names.\n- Hash functions: Base 62 is used in data compression and hashing algorithms for secure encoding.\n\n### Fun Fact\nBase 62’s combination of numbers and letters makes it a popular choice for creating short, memorable URLs and compact file names in modern computing."
63,"## Base 63 (Tresexagintal)\nBase 63, or tresexagintal, uses digits from 0 to 62. It is a composite base divisible by 3, 7, and 21, making it useful for modular arithmetic and cryptographic systems. Base 63’s divisibility properties make it ideal for solving advanced mathematical problems and encoding data securely in cryptographic algorithms.\n\n### Cryptographic Applications and Modular Arithmetic\nBase 63’s divisibility by 3, 7, and 21 makes it valuable for solving modular arithmetic problems efficiently. It is also explored in cryptographic systems that require secure encoding with these divisibility properties. In number theory, base 63’s factorization provides a useful tool for solving complex problems.\n\n### Use Cases\n- Cryptography: Base 63 is used in encryption algorithms that require secure encoding with divisibility by 7.\n- Modular arithmetic: Its factorization makes base 63 valuable for solving complex modular problems.\n- Theoretical mathematics: Base 63 is studied for its divisibility properties in number theory.\n\n### Fun Fact\nBase 63’s divisibility by 21 makes it a subject of study in cryptography, where its factorization properties provide a useful tool for designing secure encryption algorithms."
64,"## Base 64 (Quattuorsexagintal)\nBase 64, or quattuorsexagintal, uses digits from 0 to 63, commonly including the characters 0–9, A–Z, a–z, +, and /. Base 64 is one of the most widely used encoding systems in modern computing, particularly in encoding binary data into text. It is frequently used in email attachments, image encoding, and data transmission over the web.\n\n### Importance in Modern Computing\nBase 64 is crucial for encoding binary data into ASCII text, allowing for efficient transmission of files and data across the internet. It is commonly used in image encoding, email attachments, and data transmission over protocols that do not handle binary well. Base 64 encoding converts binary data into a string of characters that can be easily transmitted.\n\n### Use Cases\n- Data transmission: Base 64 is widely used for encoding data sent over the internet, such as email attachments.\n- Image encoding: It is used to encode image files for efficient transmission.\n- File storage: Base 64 is used in systems that require binary data to be stored or transmitted as text.\n\n### Fun Fact\nBase 64’s encoding scheme was developed to solve the problem of transmitting binary data over text-based protocols like email, where non-ASCII characters can cause errors."
65,"## Base 65 (Quinsexagintal)\nBase 65, or quinsexagintal, uses digits from 0 to 64. It is a composite number base divisible by 5 and 13, making it useful for modular arithmetic and cryptographic systems. Base 65 is explored for its applications in solving modular problems efficiently, as well as for its role in cryptographic encoding systems that rely on secure divisibility properties.\n\n### Cryptographic and Mathematical Applications\nBase 65’s divisibility by 5 and 13 makes it valuable for modular arithmetic and cryptographic systems. It is used in encryption algorithms that require secure encoding with these properties and is also studied in number theory for its factorization and divisibility rules.\n\n### Use Cases\n- Cryptography: Base 65 is used in encryption algorithms that rely on divisibility by 13 for secure encoding.\n- Modular arithmetic: Its factorization makes base 65 useful for solving modular problems efficiently.\n- Theoretical mathematics: Base 65 is studied for its divisibility properties and factorization rules in number theory.\n\n### Fun Fact\nBase 65’s divisibility by 13 makes it an interesting base for cryptographic research, where prime numbers play a key role in secure encoding systems."
66,"## Base 66 (Sexsexagintal)\nBase 66, or sexsexagintal, uses digits from 0 to 65. It is divisible by 2, 3, 6, 11, and 33, making it a versatile base for modular arithmetic and cryptographic applications. Base 66 is particularly useful for systems requiring efficient division by these numbers, and it is also explored in number theory for its divisibility properties.\n\n### Modular Arithmetic and Cryptography\nBase 66’s divisibility by multiple small primes makes it an ideal choice for modular arithmetic, where it can solve complex problems efficiently. It is also used in cryptographic systems that require secure encoding with divisibility by these factors. Base 66’s divisibility properties make it a useful tool for theoretical mathematics as well.\n\n### Use Cases\n- Cryptography: Base 66 is used in encryption algorithms that rely on divisibility by 33 for secure encoding.\n- Modular arithmetic: Its divisibility properties make base 66 ideal for solving complex modular problems.\n- Theoretical mathematics: Base 66 is studied for its factorization and divisibility in number theory.\n\n### Fun Fact\nBase 66’s divisibility by 33 makes it particularly interesting in cryptographic systems, where it is used to design secure algorithms for data transmission."
67,"## Base 67 (Septsexagintal)\nBase 67, or septsexagintal, uses digits from 0 to 66. As a prime-number base, base 67 is highly valued in cryptographic systems for its difficulty to factor. It is also explored in modular arithmetic, where prime bases are used to solve complex problems. Base 67’s prime properties make it a key player in number theory and algorithmic design.\n\n### Cryptographic and Mathematical Significance\nBase 67’s prime nature makes it a valuable base for cryptographic systems, where secure encoding is crucial. Its prime properties are also explored in modular arithmetic, where prime bases help solve advanced problems. In number theory, base 67 is studied for its role in factorization and algorithm design.\n\n### Use Cases\n- Cryptography: Base 67 is used in encryption systems that require a prime-based system for secure encoding.\n- Modular arithmetic: Its prime nature makes base 67 valuable for solving complex modular problems.\n- Theoretical mathematics: Base 67 is studied in number theory for its prime factorization and divisibility rules.\n\n### Fun Fact\nBase 67’s prime nature makes it a secure base for cryptographic systems, and its properties have been explored in modern encryption algorithms to enhance the security of data transmission."
68,"## Base 68 (Octsexagintal)\nBase 68, or octsexagintal, uses digits from 0 to 67. It is divisible by 2 and 34, making it a versatile base for modular arithmetic and cryptographic applications. Base 68’s divisibility properties make it ideal for solving complex mathematical problems and encoding data securely in cryptographic systems.\n\n### Cryptographic Applications and Modular Arithmetic\nBase 68’s divisibility by 34 makes it valuable for cryptographic systems that require secure encoding with these properties. It is also used in modular arithmetic for solving complex problems that involve division by large primes. In number theory, base 68’s factorization provides a useful tool for solving complex problems.\n\n### Use Cases\n- Cryptography: Base 68 is used in encryption algorithms that require secure encoding with divisibility by 34.\n- Modular arithmetic: Its factorization makes base 68 valuable for solving complex modular problems.\n- Theoretical mathematics: Base 68 is studied for its divisibility properties in number theory.\n\n### Fun Fact\nBase 68’s divisibility by 34 makes it an interesting subject of study in number theory, where primes like 34 play a key role in cryptographic research and algorithm design."
69,"## Base 69 (Novsexagintal)\nBase 69, or novsexagintal, uses digits from 0 to 68. It is divisible by 3 and 23, making it a useful base for modular arithmetic and cryptographic systems that require secure encoding with these properties. Base 69 is explored in number theory for its prime factorization and divisibility properties, making it a valuable base for algorithm design and cryptographic research.\n\n### Cryptographic and Mathematical Applications\nBase 69’s divisibility by 3 and 23 makes it ideal for solving complex modular problems and encoding data securely in cryptographic systems. It is also used in number theory to explore its prime factorization properties, and its applications in algorithm design and cryptographic encoding systems are numerous.\n\n### Use Cases\n- Cryptography: Base 69 is used in encryption algorithms that require secure encoding with divisibility by 23.\n- Modular arithmetic: Its factorization makes base 69 valuable for solving complex modular problems.\n- Theoretical mathematics: Base 69 is studied for its divisibility properties in number theory.\n\n### Fun Fact\nBase 69’s divisibility by 23 makes it a key player in cryptographic research, where large primes like 23 are used to enhance the security of data transmission."
70,"## Base 70 (Septuagintal)\nBase 70, or septuagintal, uses digits from 0 to 69. It is divisible by 2, 5, 7, 10, 14, 35, and 70, making it a highly versatile base for modular arithmetic and cryptographic applications. Base 70 is particularly useful for systems requiring efficient division by small numbers, and it is also studied in number theory for its divisibility properties and prime factorization.\n\n### Modular Arithmetic and Cryptography\nBase 70’s divisibility by multiple small primes makes it an ideal base for solving complex modular arithmetic problems. It is also used in cryptographic systems that require secure encoding with these divisibility properties. Base 70 is explored in number theory for its role in solving advanced problems related to prime factorization and divisibility.\n\n### Use Cases\n- Cryptography: Base 70 is used in encryption algorithms that rely on divisibility by 35 for secure encoding.\n- Modular arithmetic: Its divisibility properties make base 70 ideal for solving complex modular problems.\n- Theoretical mathematics: Base 70 is studied for its factorization and divisibility rules in number theory.\n\n### Fun Fact\nBase 70’s divisibility by 35 makes it particularly useful for cryptographic systems, where it is used to design secure algorithms for data transmission and storage."