name,unit,toM,text
meter,m,1,"The meter (m) is the base unit of length in the International System of Units (SI). Defined as the distance light travels in a vacuum in one 299,792,458th of a second, the meter serves as the fundamental measure for distance and dimension in scientific, engineering, and everyday contexts. Originally defined in 1791 as a fraction of the Earth's meridian, its modern definition ensures precision and universal applicability."
kilometer,km,1e-3,"The kilometer (km) is a unit of length in the metric system, equal to 1,000 meters. It is commonly used to measure longer distances, such as the length of roads or geographical distances. The kilometer's adoption dates back to the 18th century as part of the metric system's introduction, which aimed to standardize measurements globally. Today, kilometers are widely used in various applications, including travel and sports, to quantify distances in a consistent manner."
decimeter,dm,10,"The decimeter (dm) is a unit of length in the metric system, equal to 0.1 meters. It is used in various applications requiring more precise measurements than meters but less than centimeters. The decimeter is commonly used in fields such as construction, design, and education to provide a finer scale of measurement."
centimeter,cm,1e2,"The centimeter (cm) is a metric unit of length equal to one one-hundredth of a meter. It is commonly used in everyday measurements, such as in measuring height or dimensions of objects. The centimeter's widespread use is due to its convenience in providing measurements that are more manageable than meters or millimeters."
millimeter,mm,1e3,"The millimeter (mm) is a unit of length in the metric system, equal to one one-thousandth of a meter. It is extensively used in precision fields such as engineering, manufacturing, and science to measure very small distances. The millimeter's fine scale makes it essential for tasks requiring high accuracy."
micrometer,µm,1e6,"The micrometer (µm) is a unit of length equal to one one-millionth of a meter. It is used in scientific research, materials science, and engineering to measure extremely small distances or thicknesses, such as in microscopy or precision machining. The micrometer's precision is crucial for advanced technological applications."
nanometer,nm,1e9,"The nanometer (nm) is a unit of length equal to one one-billionth of a meter. It is primarily used in nanotechnology, physics, and chemistry to measure dimensions at the atomic and molecular scales. The nanometer is vital for understanding phenomena at the nanoscale and for developing cutting-edge technologies."
mile,,6.21371192e-4,"The mile is a unit of length primarily used in the United States and the United Kingdom, equal to approximately 1.60934 kilometers. It is commonly used to measure longer distances, such as those in travel and real estate. The mile's historical origins date back to Roman times, and it has been standardized in modern measurements for consistency."
yard,yd,1.0936133,"The yard (yd) is a unit of length in the imperial system, equal to 0.9144 meters. It is used in the United States and the United Kingdom for measuring distances, especially in fields like construction and sports. The yard's origins trace back to the medieval period, and it remains a standard unit in various applications."
foot,ft,3.2808399,"The foot (ft) is a unit of length in the imperial system, equal to 0.3048 meters. It is widely used in the United States and other countries for measuring height, distance, and dimensions. The foot has historical roots in ancient measurement systems, and its modern definition ensures consistency in various applications."
inch,in,39.3700788,"The inch (in) is a unit of length in the imperial system, equal to 0.0254 meters. It is commonly used in the United States and the United Kingdom to measure shorter lengths, such as in construction and clothing. The inch has been standardized to provide accurate measurements for a variety of practical uses."
light-Year,,1.05702341e-16,"The light-year is a unit of astronomical distance equal to the distance light travels in one year, approximately 9.461 trillion kilometers. It is used in astronomy to describe the vast distances between celestial objects. The light-year's definition is based on the speed of light, making it a key unit for understanding the scale of the universe."
astronomical Unit,AU,6.68458712e-12,"The astronomical unit (AU) is a unit of length used in astronomy to represent the average distance between the Earth and the Sun, approximately 149.6 million kilometers. It is essential for measuring distances within our solar system and provides a convenient scale for understanding planetary positions and orbits."
parsec,pc,3.24077929e-17,"The parsec (pc) is a unit of astronomical distance equal to approximately 3.086 trillion kilometers. It is used to measure large distances to stars and galaxies beyond our solar system. The parsec's definition is based on the parallax angle observed from Earth, making it a crucial unit in stellar and galactic measurements."
nautical mile,nm,5.39956803e-4,"The nautical mile is a unit of length used in maritime and air navigation, equal to approximately 1.852 kilometers. It is based on the Earth's circumference and is used for charting and navigation due to its relation to degrees of latitude. The nautical mile's practical application ensures accuracy in navigating and plotting courses on the globe."
furlong,,4.97096954e-3,"The furlong is a unit of length in the imperial system, equal to 201.168 meters. It is traditionally used in horse racing and agriculture to measure distances. The furlong's historical use dates back to medieval times, and it remains a standard unit in specific fields, providing a measure of distance that is familiar to certain industries."
rod,,1.9883874,"The rod (or perch) is a unit of length equal to approximately 5.029 meters. It is used in land surveying and agriculture to measure areas and distances. The rod's historical significance and usage in property measurements make it a unique unit in specific contexts."
chain,,2.47105381e-2,"The chain is a unit of length used in land surveying, equal to 20.1168 meters. It is traditionally used to measure larger land areas and distances in surveying. The chain's use dates back to the 17th century and provides a standardized measure for land measurement and property delineation."
link,,4.97096954e-1,"The link is a unit of length used in surveying, equal to 0.201168 meters. It is part of the chain measurement system and is used to measure smaller distances or subdivide chains. The link's precision is essential for accurate land measurement and surveying applications."
mil,,3.9370079e-5,"The mil is a unit of length equal to one thousandth of an inch, or approximately 0.0254 millimeters. It is commonly used in engineering and manufacturing to measure small dimensions with high precision. The mil's fine scale makes it crucial for detailed measurements and specifications."
league,,2.415e-4,"The league is a unit of length used historically for measuring long distances, approximately 4.828 kilometers. It was commonly used in navigation and cartography. Although largely obsolete, the league's historical use in measuring maritime and overland distances reflects its significance in past measurement practices."
cubit,,3.9370079,"The cubit is an ancient unit of length, historically based on the length of the forearm from elbow to fingertip, approximately 0.5 meters. It was used in construction and land measurement in ancient civilizations. The cubit's historical importance is evident in its use in architectural and engineering projects in antiquity."
span,,1.1811024,"The span is a unit of length equal to approximately 0.3 meters, based on the width of a human hand with fingers extended. It was used in traditional measurements and construction. The span's historical use provides insight into early measurement practices and human-scale dimensions."
hand,,8.6614173,"The hand is a unit of length equal to 0.1016 meters, historically based on the width of a human hand. It is primarily used in measuring the height of horses. The hand's historical and practical applications highlight its role in specific fields, such as equestrian measurement."
thumb,,3.9370079,"The thumb is a unit of length based on the width of a human thumb, approximately 0.0254 meters. It was used in historical measurement systems. The thumb's role in measurements reflects its practical application in traditional and historical contexts."
girth,,3.9370079,"The girth is a unit of length based on the circumference of an object, typically used in clothing and construction measurements. It is approximately equal to 0.1 meters. The girth's application in various fields highlights its importance in measuring the dimensions and size of objects."
angstrom,Å,1e10,"The angstrom (Å) is a unit of length equal to one ten-billionth of a meter, or 0.1 nanometers. It is commonly used in physics, chemistry, and biology to measure atomic-scale distances, such as bond lengths in molecules and wavelengths of light. The angstrom provides a convenient scale for describing phenomena at the atomic and molecular levels."
fathom,,5.46806649e-1,"The fathom is a unit of length primarily used in nautical contexts to measure the depth of water. It is equal to 1.8288 meters. The fathom has been used by sailors for centuries to measure depth and ensure safe navigation in marine environments. Despite modern advancements, the fathom remains in use for traditional and practical purposes."
picometer,pm,1e12,"The picometer (pm) is a unit of length equal to one trillionth of a meter, or 1e-12 meters. It is used in scientific fields such as physics and chemistry to measure extremely small distances, including atomic radii and the spacing between atoms in a crystal lattice. The picometer's precision is essential for studying the minutiae of matter at the subatomic scale."
ell,,8.64005445e-1,"The ell is a historical unit of length used in Europe, primarily for measuring cloth. Its length varied between regions but was typically around 45 inches (1.14 meters). The ell was used from medieval times until the early modern period. Although now obsolete, it provides insight into historical measurement systems and trade practices."
smoot,,5.87e-1,"The smoot is a nonstandard, humorous unit of length created as part of an MIT fraternity prank in 1958. It is equal to 1.7018 meters, based on the height of Oliver R. Smoot. While not officially recognized, the smoot is marked along the Harvard Bridge in Boston and is used as a local measure for fun and tradition."
pica,,2.83464567e-3,"The pica is a unit of length used in typography and printing, equal to 1/6th of an inch or approximately 4.233 millimeters. It is used to measure font sizes, line lengths, and spacing in printed materials. The pica remains an important unit in the field of graphic design and publishing."
twip,,1.76389e-4,"The twip (twentieth of a point) is a unit of length used in typography and digital design, equal to 1/1440th of an inch or approximately 17.638 micrometers. It is used in software applications to ensure precise alignment and spacing in digital layouts. The twip's fine granularity is useful for detailed typographic and design work."
perch,,5.0292,"The perch, also known as a rod or pole, is a historical unit of length used in land measurement, equal to 5.0292 meters. It was commonly used in surveying and agriculture to measure plots of land. The perch's use dates back to ancient times, and it remains a part of the lexicon in some regions and contexts."
diraa,,5.29e-1,"The diraa is an ancient unit of length used in Egypt, Mesopotamia, and other Middle Eastern cultures, equal to approximately 0.529 meters. It was based on the length of the forearm and was used in construction and land measurement. The diraa provides a glimpse into historical methods of measurement and standardization in early civilizations."
li,,2.0e-1,"The li is a traditional Chinese unit of length, equal to 500 meters. It was historically used to measure distances between towns and villages. The li remains in use in some contexts in China, providing a cultural link to the country's historical systems of measurement."
stadion,,1.8e2,"The stadion, or stadium, is an ancient Greek unit of length, typically equal to 600 feet or approximately 180 meters. It was used to measure distances in athletic competitions and in land measurement. The stadion was the standard length for racecourses in ancient Greece and is the origin of the modern term 'stadium'."
toise,,1.949,"The toise is a historical French unit of length, equal to 1.949 meters. It was commonly used before the adoption of the metric system in France, particularly in construction and land measurement. The toise has since been replaced by the meter but remains a part of France's measurement history."
pechus,,5.23e-1,"The pechus is an ancient Egyptian unit of length, also known as the 'cubit,' roughly equal to 0.523 meters. It was used to measure distances and dimensions in construction, especially in the building of pyramids and temples. The pechus was an important standard in ancient Egyptian society."
